symbol,prix_actuel,prix_initial,prix_max,prix_min,prix_moyen,variation_totale_pct,volatilite_quotidienne_pct,tendance,nb_jours_donnees
74SW,38.8,38.5,39.3,38.5,38.93333333333334,0.7792207792207718,0.7403243949263297,0.07166666666666809,9
AAA,4.05,3.55,4.05,3.55,3.781111111111111,14.084507042253522,1.9533913811034151,0.07116666666666684,9
AALB,30.22,29.1,30.32,28.62,29.488571428571426,3.8487972508590977,2.8334904036092152,0.1600000000000004,7
AB,1.218,1.224,1.23,1.194,1.208222222222222,-0.490196078431373,1.5964689339498854,-0.00019999999999999017,9
ABCA,5.93,5.94,6.03,5.85,5.941666666666666,-0.1683501683501797,1.5250351452763833,0.0021666666666666883,9
ABEO,9.12,9.44,9.6,9.12,9.32,-3.3898305084745797,1.930892545432976,-0.04233333333333294,9
ABI,53.46,50.44,53.76,50.44,51.66142857142857,5.9873116574147565,1.888363522728342,0.5703571428571435,7
ABLD,4.48,4.8,4.9,4.48,4.686666666666666,-6.666666666666654,2.72497543062309,-0.05133333333333314,9
ABN,24.6,25.34,25.47,24.56,25.05285714285714,-2.9202841357537426,1.1310952251707527,-0.1446428571428568,7
ABNX,2.315,3.616,3.77,2.315,3.2592222222222222,-35.97898230088496,15.994584291047564,-0.1324833333333334,9
ABO,6.3,1.64,6.3,1.64,4.191111111111111,284.1463414634147,99.3445448756058,0.7661666666666664,9
ABVX,68.8,73.8,76.5,68.7,72.08888888888889,-6.775067750677508,3.157211612986098,-1.0499999999999954,9
AC,42.93,40.59,42.93,40.59,41.74777777777778,5.764966740576487,2.013909200182843,0.26033333333333336,9
ACA,15.56,16.3,16.3,15.51,15.76622222222222,-4.539877300613497,0.9118447913184674,-0.08763333333333284,9
ACAN,0.31,0.31,0.315,0.302,0.3098888888888889,0.0,1.5422387419392067,0.0006833333333333422,9
ACCB,0.0275,0.027,0.0275,0.0255,0.02642857142857143,1.8518518518518534,3.7175524270807814,3.571428571428828e-05,7
ACKB,222.4,230.2,230.2,221.4,225.10000000000005,-3.3883579496090284,0.851313186778967,-1.349999999999987,7
ACOMO,21.9,22.9,23.2,21.9,22.71,-4.366812227074236,1.2902192415793234,-0.20249999999999918,7
AD,34.33,34.28,34.76,34.21,34.42928571428571,0.14585764294048179,0.8398820959173633,-0.03178571428571467,7
ADOC,7.62,7.94,8.91,7.62,8.177777777777777,-4.030226700251893,7.229895937230738,0.05549999999999997,9
ADP,113.3,112.6,113.3,110.8,112.23333333333332,0.6216696269982264,1.1348410313371686,0.03499999999999892,9
ADYEN,1433.0,1365.8,1442.6,1365.8,1402.2571428571428,4.920193293307955,1.844106872728711,10.164285714285757,7
AED,65.7,62.26,65.7,62.26,63.62428571428571,5.5252168326373345,1.0062642907907469,0.535714285714291,7
AELIS,1.225,1.2,1.275,1.016,1.145125,2.0833333333333446,9.126345409826824,0.01867857142857147,8
AF,13.685,12.99,13.685,12.785,13.313333333333334,5.3502694380292555,3.12047646270853,0.0629666666666666,9
AFMBS,1.45,1.63,1.63,1.45,1.5325,-11.04294478527607,0.9898133401175899,-0.06100000000000016,4
AFME,1.595,1.63,1.63,1.45,1.5458333333333334,-2.147239263803676,4.003660005294102,0.0037083333333334215,9
AGFB,1.077,0.91,1.098,0.91,0.9956428571428572,18.351648351648343,3.781186226937313,0.03119642857142859,7
AGIL,3.0,3.0,3.0,3.0,3.0,0.0,0.0,1.4970566549032267e-16,3
AGN,6.722,6.552,6.736,6.47,6.578571428571428,2.594627594627607,1.4222416925885415,0.03414285714285761,7
AGS,60.2,58.96,60.65,58.4,59.18285714285714,2.103120759837181,1.6179088321662172,0.2553571428571444,7
AI,178.06,174.48,178.06,174.48,176.45777777777778,2.0518110958276092,0.7716303814112193,0.24000000000000235,9
AIR,178.26,188.56,188.56,178.26,183.09333333333333,-5.462452269834541,1.3343519769604502,-1.473666666666665,9
AJAX,9.6,9.78,9.78,9.48,9.594285714285714,-1.8404907975460096,1.3898830707783338,-0.007142857142857188,7
AKE,61.4,58.06,61.4,57.36,59.38777777777778,5.752669652084045,2.062256518349567,0.44500000000000134,9
AKW,8.1,8.06,8.1,7.88,8.018888888888888,0.49627791563274376,0.9799030914561336,-0.0003333333333329574,9
AKZA,59.06,60.84,61.84,59.0,60.25428571428572,-2.92570677186062,1.4984186732490128,-0.4378571428571405,7
ALDV,0.088,0.088,0.088,0.088,0.08799999999999998,0.0,0.0,8.790287644517565e-19,7
ALFEN,10.0,9.318,10.0,9.17,9.510285714285713,7.319167203262507,1.8806495061991524,0.11771428571428583,7
ALLFG,6.016,5.81,6.105,5.81,5.936857142857143,3.5456110154905405,1.646238711538104,0.03846428571428598,7
ALO,20.47,21.06,21.06,19.465,20.27611111111111,-2.801519468186134,3.544294454206585,0.00933333333333338,9
ALTA,102.8,99.5,102.8,97.5,100.3,3.316582914572862,1.816567793404317,0.5083333333333343,9
ALX,1.42,1.44,1.47,1.41,1.4342857142857144,-1.3888888888888902,2.407827585700299,-0.004285714285714214,7
AM,272.4,278.6,278.6,269.2,272.1333333333334,-2.2254127781766133,0.9991685496062023,-0.3366666666666527,9
AMG,26.3,26.9,28.52,26.3,27.331428571428575,-2.2304832713754568,2.7876528444294415,-0.1835714285714277,7
AMPLI,6.2,6.2,6.26,6.2,6.2188888888888885,0.0,0.7027687926840259,0.003500000000000137,9
AMUN,63.75,63.66,63.75,62.2,63.08222222222222,0.14137606032045777,1.105766791030779,0.03550000000000295,9
AMUND,1.1,1.1,1.18,1.08,1.1357142857142857,0.0,4.331732728741049,-0.008928571428571416,7
ANTIN,11.5,10.74,11.66,10.74,11.275555555555554,7.076350093109868,1.9586676055493781,0.098,9
APAM,26.0,26.82,27.14,25.88,26.403333333333332,-3.057419835943327,1.5317645172445395,-0.1516666666666658,9
ARAMI,5.63,5.52,5.63,5.33,5.503333333333334,1.992753623188412,1.4470016938009544,0.02300000000000024,9
ARCAD,39.6,40.88,40.92,39.12,40.191428571428574,-3.1311154598825857,1.709052889292838,-0.2649999999999969,7
AREIT,555.0,526.0,556.0,526.0,541.1111111111111,5.513307984790875,1.3506653301093343,4.866666666666675,9
ARG,65.0,62.2,65.0,62.2,64.13888888888889,4.501607717041796,1.3108688246556757,0.2650000000000017,9
ARGX,603.6,655.8,655.8,602.6,630.4857142857144,-7.959743824336678,1.6902435657702535,-10.50714285714283,7
ARTE,11.2,10.9,11.2,10.9,11.1,2.7522935779816415,0.8293995134042709,0.04166666666666763,9
ARTO,9150.0,9000.0,9150.0,9000.0,9075.0,1.6666666666666667,0.9622504486493729,59.999999999998046,4
ARVBS,0.05,0.05,0.05,0.05,0.049999999999999996,0.0,0.0,1.1593713483437357e-18,6
ARVEN,5.1,5.04,5.26,4.96,5.0825,1.1904761904761827,2.962355079016797,0.024523809523809774,8
ASCE,49.96,49.9,50.8,49.9,50.10857142857143,0.12024048096192842,0.9587296222555615,-0.029285714285713846,7
ASM,414.0,424.1,426.4,401.7,418.0857142857143,-2.3815137939165343,3.4542526062391423,-1.524999999999985,7
ASML,637.1,680.2,683.2,625.3,659.5571428571429,-6.3363716553954745,3.3736101044562683,-8.5142857142857,7
ASRNL,59.34,57.7,59.66,57.7,58.440000000000005,2.8422876949740044,1.073315575586204,0.3142857142857201,7
ASY,46.1,44.86,46.1,43.9,44.99888888888889,2.764155149353549,1.8773861334480613,0.11150000000000095,9
ATE,66.8,65.4,67.25,63.45,65.60888888888888,2.1406727828746046,2.5577893726682754,0.22983333333333497,9
ATEB,3.27,3.02,3.27,3.02,3.1714285714285713,8.27814569536424,1.4639327870649628,0.04285714285714316,7
ATEME,5.98,5.86,6.46,5.58,6.044444444444445,2.047781569965872,5.070076573782185,0.06466666666666689,9
ATLD,44.3,44.4,44.4,44.2,44.288888888888884,-0.22522522522522842,0.18850060149605,-0.019999999999999317,9
ATO,45.165,45.634,45.634,37.6,43.14944444444445,-1.0277424727177131,8.355413155196915,0.11536666666666828,9
AUB,46.0,43.6,46.325,42.76,44.52611111111111,5.5045871559633,2.893333405627772,0.41525000000000073,9
AUGR,5.55,5.6,5.6,5.54,5.566666666666666,-0.8928571428571397,0.26932081054583423,-0.007999999999999868,9
AURE,5.92,5.82,5.92,5.72,5.8244444444444445,1.7182130584192379,1.6652936925052764,0.005333333333333587,9
AVT,0.036,0.0354,0.0376,0.034,0.035666666666666666,1.6949152542372776,3.692413595368549,0.00022000000000000128,9
AVTRI,2.5304,1.94,2.5304,1.6154,2.00245,30.432989690721662,25.054356101106208,0.20797999999999975,4
AVTX,13.88,9.214,13.954,8.542,11.093142857142857,50.64032993271109,17.066633793591706,0.9975714285714287,7
AXS,0.732,0.729,0.751,0.708,0.7332857142857143,0.41152263374485637,2.4348494438997785,-0.0032142857142857468,7
AYV,9.83,9.51,9.83,9.185,9.456777777777779,3.364879074658258,2.957729800777332,0.03188333333333399,9
AZE,12.81,11.93,12.97,11.93,12.512142857142859,7.376362112321884,2.824952613978241,0.12464285714285776,7
AZRN,1.376,1.376,1.39,1.35,1.3717142857142854,0.0,1.3828869999016173,-0.00357142857142854,7
AZRNW,0.001,0.0005,0.001,0.0005,0.0007,100.0,50.0,0.00015000000000000001,5
BAIN,105.5,107.0,107.0,104.5,105.80000000000001,-1.4018691588785046,0.9833623946881552,-0.09666666666666886,9
BALYO,0.388,0.383,0.391,0.372,0.3852222222222222,1.3054830287206278,2.6954581008401552,0.001133333333333338,9
BAMNB,7.618,7.834,7.834,7.36,7.670999999999999,-2.7572121521572543,2.56749245121358,-0.052285714285713804,7
BANI,3.14,3.16,3.44,3.14,3.2142857142857144,-0.6329113924050638,5.175067063400877,0.01785714285714296,7
BANQ,4.06,4.0,4.06,3.84,3.928571428571428,1.4999999999999902,2.379355017279497,0.013571428571428715,7
BAR,14.07,14.01,14.26,13.72,13.938571428571427,0.42826552462527123,2.198039842614697,0.03178571428571534,7
BASS,57.8,52.8,57.8,52.6,54.77777777777777,9.469696969696969,3.031075741115072,0.7533333333333366,9
BB,53.8,52.4,53.9,52.0,53.31666666666666,2.6717557251908373,1.7756937109478155,0.07833333333333416,9
BCART,0.29,0.29,0.29,0.29,0.29,0.0,0.0,4.127237413163848e-18,3
BEKB,38.46,38.0,38.65,38.0,38.31,1.210526315789476,1.076777833629983,0.06071428571428632,7
BELYS,1.03,0.89,1.08,0.89,0.980857142857143,15.730337078651688,4.825661796194117,0.02800000000000006,7
BEN,8.535,8.29,8.67,8.085,8.373777777777777,2.955367913148384,3.1660901973581934,0.013433333333333772,9
BESI,115.8,112.36,119.75,105.8,112.1042857142857,3.0615877536489835,6.228980759252953,0.7800000000000045,7
BEVER,2.8,2.8,2.8,2.8,2.8000000000000003,0.0,0.0,1.2028119102161455e-16,7
BFIT,25.68,25.28,25.68,24.46,25.230000000000004,1.5822784810126524,2.906927400041442,-0.024571428571428765,6
BIG,1.46,1.384,1.518,1.372,1.4235555555555557,5.491329479768792,3.255219805437653,0.014033333333333413,9
BIM,119.0,115.6,119.0,113.9,117.13333333333334,2.9411764705882404,1.5074193761555126,0.5883333333333354,9
BIOS,0.0028,0.0028,0.0028,0.0026,0.002688888888888889,0.0,3.999363113030972,6.454671631430879e-20,9
BLC,26.4,24.5,26.65,23.2,25.174444444444447,7.755102040816321,3.79502041885317,0.40683333333333405,9
BLEE,109.0,109.0,109.0,109.0,109.0,0.0,0.0,-1.5048460668520732e-14,4
BN,71.72,74.3,75.08,71.04,73.4125,-3.472409152086135,1.8182961061013825,-0.553095238095236,8
BNB,473.0,432.0,473.0,413.0,449.85714285714283,9.49074074074074,4.001494785396513,9.321428571428623,7
BNJ,8.84,8.96,9.0,8.66,8.87857142857143,-1.3392857142857253,2.185992495175068,4.617522542290071e-16,7
BNJW,0.25,0.25,0.25,0.25,0.25,0.0,0.0,-1.9626155733547187e-17,2
BNP,76.53,78.16,78.16,76.19,76.87777777777778,-2.0854657113613047,0.7347007316362524,-0.18133333333332816,9
BOI,21.15,23.86,23.86,21.0,22.232222222222223,-11.357921207041077,1.7308057410529685,-0.4174999999999977,9
BOL,5.025,4.88,5.025,4.854,4.939666666666667,2.9713114754098457,1.4566510635519565,0.019866666666667084,9
BON,8.09,7.56,8.09,7.56,7.777777777777778,7.010582010582015,1.3670442770221736,0.07216666666666732,9
BPOST,2.136,2.35,2.35,2.06,2.1604285714285716,-9.106382978723403,4.878825269337547,-0.03285714285714277,7
BREB,112.4,108.4,112.4,108.4,110.71428571428571,3.6900369003690034,1.1855222370389913,0.5571428571428628,7
BRNL,8.68,8.21,8.68,8.2,8.368571428571428,5.7247259439707525,1.576082988043668,0.0853571428571428,7
BSD,4.27,4.21,4.3,4.14,4.222222222222222,1.4251781472683993,1.2384836954419618,0.014666666666666604,9
BSGR,5.91,5.9,5.91,5.89,5.8999999999999995,0.1694915254237252,0.12765233483081598,0.0007142857142857141,7
BTLS,4.59,4.49,4.82,4.12,4.452857142857143,2.2271714922048917,6.489823347072784,0.03464285714285743,7
BUI,3.82,3.82,3.82,3.82,3.82,0.0,0.0,2.4582190178280176e-16,7
BUR,380.0,0.029,390.0,0.023,239.6351875,1310244.8275862068,627713.2034423158,68.38786309523807,8
BVI,26.06,26.48,26.62,25.72,26.126666666666665,-1.5861027190332393,1.1606204624291703,-0.09533333333333127,9
CA,12.36,12.13,12.41,12.13,12.292333333333334,1.8961253091508545,0.8440422186140868,0.025700000000000556,9
CABKA,1.864,1.76,1.864,1.7,1.768714285714286,5.9090909090909145,2.5082889914189317,0.016214285714285754,7
CABLE,32.04,32.89,32.914,32.04,32.6135,-2.5843721495895453,0.9118075832444903,-0.28540000000000443,4
CAF,97.0,52.65,103.92,51.45,77.45777777777778,84.23551756885091,23.543652457746546,8.033166666666665,9
CAMB,255.0,258.0,258.0,240.0,251.14285714285714,-1.1627906976744187,3.6297379803903698,-0.821428571428555,7
CAP,124.05,122.46,127.16,121.7,123.92125,1.2983831455169064,2.123556515010922,-0.21130952380951465,8
CARM,17.24,16.98,17.26,16.74,17.035555555555554,1.5312131919905654,0.9983123685276304,0.04600000000000047,9
CAT31,118.98,113.4,118.98,111.78,114.66444444444444,4.920634920634919,2.0145174341606986,0.8756666666666756,9
CBDG,98.5,97.0,98.5,96.0,97.44444444444444,1.5463917525773196,0.8240231017938711,0.2583333333333311,9
CBE,700.0,719.4,719.4,696.9,703.6111111111111,-2.6966916875173728,1.13815216147115,-2.1083333333333125,9
CBOT,3.62,3.67,3.67,3.61,3.6355555555555554,-1.362397820163483,0.5482058750692198,-0.0034999999999998114,9
CBR,96.0,96.0,96.0,96.0,96.0,0.0,0.0,4.7905812956903255e-15,3
CBSM,9.0,9.06,9.06,8.95,8.973333333333334,-0.6622516556291446,0.44537622726403897,-0.004166666666666573,9
CCEP,75.7,76.0,77.5,74.0,75.88571428571429,-0.39473684210525944,2.4769957819445625,-0.13571428571428168,7
CCN,128.2,126.0,132.0,124.56,127.77333333333334,1.7460317460317372,2.3012453765695797,0.7566666666666695,9
CDA,22.25,21.0,22.5,20.5,21.392222222222223,5.952380952380952,3.702009803471887,0.24400000000000127,9
CDI,482.0,469.6,497.4,468.8,480.4888888888888,2.6405451448040838,2.4387374942834534,2.5700000000000087,9
CEN,62.4,60.4,62.4,60.4,61.57777777777778,3.3112582781456954,0.7361521949161752,0.2966666666666701,9
CENER,10.6,10.82,10.84,10.38,10.634285714285713,-2.0332717190388228,2.003780438145089,-0.01285714285714265,7
CFEB,8.6,9.2,9.32,8.6,9.022857142857143,-6.52173913043478,2.4400741356656837,-0.11357142857142843,7
CFI,1.76,3.66,3.66,1.76,2.5011111111111113,-51.91256830601093,11.714004112649805,-0.26466666666666644,9
CGM,10.65,10.75,10.8,10.65,10.715,-0.9302325581395315,1.4277644260409823,-0.01600000000000178,4
CHSR,7.0,15.548,15.572,7.0,11.271666666666667,-54.97813223565732,24.511235928386228,-2.1990285714285718,6
CIV,112.0,105.52,118.84,105.0,110.61555555555555,6.141015921152392,5.3816633337025435,1.5296666666666727,9
CLA,1.782,1.758,1.782,1.584,1.6824444444444444,1.3651877133105814,4.39409977063988,0.011500000000000012,9
CLARI,4.406,4.012,4.406,3.906,4.123888888888889,9.820538384845467,3.287704398909769,0.061833333333333435,9
CLEX,0.755,0.756,0.756,0.755,0.7553333333333333,-0.1322751322751324,0.09353264301409064,-0.0004999999999999684,3
CMBT,7.34,8.15,8.46,7.04,7.757142857142857,-9.938650306748471,4.640187096675291,-0.2085714285714283,7
CMCOM,4.514,4.554,4.67,4.51,4.5840000000000005,-0.8783487044356617,1.7637748393689368,-0.016785714285714137,7
CMO,107.0,105.0,112.0,104.38,107.66000000000001,1.9047619047619049,3.350676646834451,0.7160000000000045,9
CNDF,23.175,23.0,23.93,21.975,23.145111111111113,0.7608695652173944,3.7419487352739136,0.10280000000000017,9
CO,0.614,0.5224,0.614,0.508,0.5533777777777779,17.53445635528331,5.197618395055068,0.013206666666666672,9
COBS3,0.528,0.5224,0.528,0.508,0.51835,1.0719754977029192,3.074459693112097,0.0009799999999999518,4
COFA,16.11,15.6,16.13,15.4,15.75,3.269230769230768,1.7856919726463731,0.0958333333333338,9
COFB,77.04,72.9,77.04,72.9,74.75142857142859,5.679012345679013,1.007191915148801,0.5910714285714299,7
COH,8.5,0.02,8.8,0.02,7.2,42400.0,19185.586725030462,1.2262857142857138,6
COLR,37.7,37.32,38.16,37.32,37.74714285714286,1.0182207931404141,1.2654406206844862,0.01142857142857222,7
COMB,264.0,261.0,264.0,252.0,258.7142857142857,1.1494252873563218,1.9797060237151476,0.07142857142858397,7
COTY,3.561,4.09,4.37,3.561,3.9186222222222225,-12.933985330073346,6.434335022675198,-0.09725333333333315,9
COUR,121.0,121.0,121.0,121.0,121.0,0.0,0.0,-1.729998432734137e-14,5
COV,56.3,56.06,56.3,55.65,56.00888888888889,0.4281127363538974,0.642978410374614,0.030333333333335547,9
COVH,23.0,24.5,24.5,23.0,23.56666666666667,-6.122448979591836,1.1399074836730052,-0.18833333333333163,9
CPINV,12.56,12.1,12.56,12.1,12.308571428571428,3.801652892561991,0.6822680934101771,0.07071428571428555,7
CRAP,139.0,140.0,147.98,133.0,141.3625,-0.7142857142857143,5.6429589899686725,0.3573809523809711,8
CRAV,140.38,141.0,150.24,140.38,145.74666666666664,-0.43971631205674083,3.4784584501297724,0.5183333333333374,9
CRBN,17.245,17.17,17.66,17.16,17.363571428571426,0.43680838672102085,1.4147596277875871,-0.025535714285714092,7
CRBP2,26.1,27.136,27.286,25.7,26.795222222222222,-3.817806603773577,2.9140896258950053,-0.0662166666666655,9
CRI,10.7,11.36,11.52,10.7,11.144444444444444,-5.809859154929579,2.5930222833675933,-0.12033333333333303,9
CRLA,85.0,80.0,94.38,79.0,83.97777777777777,6.25,5.750394569416372,1.4408333333333385,9
CRLO,101.0,92.9,101.5,92.2,97.02777777777777,8.719052744886968,3.4387633021963007,1.3450000000000049,9
CROS,10.7,10.1,10.7,10.1,10.614285714285714,5.940594059405938,2.425237369092258,0.06428571428571471,7
CRSU,220.0,189.74,228.2,187.2,204.6988888888889,15.948139559397065,5.781620606143589,5.226500000000003,9
CRTO,123.0,118.48,124.74,116.5,121.16444444444444,3.8149898717083017,3.1186565941554494,0.8703333333333368,9
CS,39.92,39.97,39.97,39.33,39.75555555555556,-0.12509382036526687,0.7510631840544383,-0.0021666666666657923,9
CTAC,3.28,3.33,3.35,3.28,3.3185714285714285,-1.5015015015015094,0.6684317686329464,-0.010000000000000024,7
CTPNV,18.44,17.9,18.68,17.9,18.214285714285715,3.016759776536328,2.0871117042353733,0.09214285714285866,7
CV,0.33,0.2,0.33,0.2,0.27428571428571435,65.0,26.53613888015109,0.027857142857142858,7
CVC,17.32,15.29,17.52,15.11,16.110000000000003,13.276651406147819,4.106171500242332,0.45142857142857296,7
CYAD,0.33,0.309,0.336,0.3,0.31177777777777776,6.796116504854376,5.717881649742174,0.002583333333333358,9
DBG,5.92,5.07,6.002,5.07,5.513777777777778,16.76528599605522,5.076465065413648,0.14243333333333333,9
DBV,1.582,1.578,1.59,1.48,1.5505555555555557,0.25348542458808637,2.314775767391329,0.008533333333333356,9
DEC,14.93,15.22,15.22,14.53,14.917222222222222,-1.9053876478318064,1.500641903823832,-0.0501666666666654,9
DECB,2.12,2.084,2.12,2.075,2.095571428571428,1.7274472168905965,0.9314967161459232,0.002892857142857266,7
DEEZR,1.185,1.17,1.216,1.16,1.183,1.2820512820512928,2.0997197607651317,-0.00023333333333330693,9
DEME,130.6,124.8,132.4,124.2,127.34285714285716,4.647435897435895,1.9370108269186639,1.257142857142861,7
DG,115.7,118.36,118.36,114.3,116.45999999999998,-2.2473808719161847,1.1952928408519226,-0.27833333333332566,9
DGB,0.606,0.61,0.614,0.598,0.608,-0.6557377049180334,1.5515584508598166,-0.0006428571428571248,7
DIE,184.3,165.9,187.9,160.15,171.82142857142858,11.091018685955397,5.568824437717046,4.271428571428584,7
DIEG,115.0,111.0,115.0,111.0,112.2,3.6036036036036037,2.3137870416526747,0.7999999999999897,5
DIM,174.5,174.7,175.78,173.76,174.72500000000002,-0.11448196908986186,0.44559069042265453,0.058416666666677386,9
DISL,206.0,214.0,226.0,206.0,215.33333333333334,-3.7383177570093453,10.222666888711318,-4.000000000000005,3
DKUPL,28.2,25.6,28.5,25.6,26.9,10.156249999999991,3.582596517752557,0.3666666666666666,9
DPAM,935.0,956.0,980.0,906.0,950.6666666666666,-2.1966527196652716,2.6854991509714825,-7.416666666666596,9
DPT,0.0996,0.0994,0.1,0.0994,0.09966666666666668,0.20120724346075636,0.2258179245732909,7.333333333333311e-05,9
DSC2S,0.01,0.01,0.01,0.01,0.01,0.0,0.0,-8.251488012525613e-19,5
DSCW2,0.0025,0.0025,0.003,0.0025,0.002642857142857142,0.0,11.626916409142416,1.7857142857143004e-05,7
DSCW3,0.0015,0.0015,0.002,0.0015,0.0016428571428571427,0.0,18.57168294494086,1.785714285714299e-05,7
DSFIR,83.8,80.14,84.08,80.14,82.21428571428571,4.567007736461188,1.4156154442536202,0.5464285714285788,7
DSY,26.84,27.36,27.83,26.57,27.066666666666666,-1.900584795321636,1.4221196518352948,-0.09116666666666505,9
EAPI,3.08,2.86,3.08,2.86,2.9606666666666666,7.6923076923077,1.851284076556096,0.024866666666666808,9
EAS2P,0.426,0.433,0.455,0.426,0.4401428571428571,-1.616628175519632,2.5393023645546626,0.00017857142857142513,7
EBUS,0.3198,0.288,0.3202,0.283,0.29951428571428573,11.041666666666666,4.702162890152181,0.004921428571428583,7
EC,184.0,178.6,184.0,178.0,180.41111111111113,3.023516237402019,1.2687914110378307,0.6250000000000043,9
ECMPA,27.16,25.96,27.25,25.96,26.647142857142857,4.622496147919874,1.3062497527939876,0.1885714285714285,7
ECONB,1.781,1.724,1.781,1.724,1.7602857142857142,3.3062645011600895,0.7494694509163378,0.00835714285714279,7
ECT,9.66,10.0,10.0,9.65,9.713333333333333,-3.399999999999999,1.5223009521637914,-0.04971428571428658,6
EDEN,24.9,22.2,24.9,22.2,23.834444444444447,12.162162162162158,1.8508596827517227,0.34783333333333427,9
EDI,10.7,10.7,10.7,10.7,10.700000000000001,0.0,0.0,3.721552847600041e-16,7
EEM,3.4,2.9,3.4,2.9,3.1399999999999997,17.24137931034483,8.58537641813155,0.03600000000000011,9
EFG,1.9,1.9,1.9,1.875,1.8905555555555555,0.0,0.8110834273673664,-0.0001666666666666708,9
EFI,0.192,0.192,0.192,0.192,0.192,0.0,0.0,2.7547175842976e-19,8
EGR,0.33,0.33,0.33,0.33,0.33,0.0,0.0,1.1603419870882429e-17,7
EIFF,4.89,4.71,5.16,4.7,4.848888888888889,3.8216560509554083,3.078232099313927,0.035666666666666756,9
EKI,3.21,3.156,3.33,3.135,3.2127777777777777,1.7110266159695762,2.710398496848727,0.019233333333333557,9
EKOP,7.64,6.4,7.7,6.38,6.871428571428572,19.37499999999999,4.840196505495425,0.23714285714285732,7
EL,266.5,265.1,266.5,258.0,261.6333333333333,0.5281026027913909,1.5740361181322977,0.10333333333333526,9
ELEC,154.5,152.0,154.6,149.0,152.6888888888889,1.644736842105263,1.6575617189436413,0.4083333333333395,9
ELI,98.0,95.0,99.55,93.7,95.63857142857144,3.1578947368421053,2.919605806911599,0.6421428571428628,7
ELIOR,2.532,2.462,2.542,2.406,2.475111111111111,2.843216896831837,1.7932685064199418,0.012900000000000078,9
ELIS,23.48,23.96,23.96,23.08,23.480000000000004,-2.0033388981636078,1.0247042520772576,-0.053999999999999125,9
EMEIS,12.77,11.61,12.77,10.75,11.676666666666666,9.991386735572783,5.653240616122502,0.20950000000000046,9
EN,36.68,37.46,37.46,35.64,36.56944444444445,-2.0822210357714925,1.4882003524542313,-0.04499999999999843,9
ENGI,17.86,17.93,17.93,17.57,17.763,-0.3904071388733982,1.1192641638179526,-0.009866666666666347,9
ENRGY,11.688,12.58,12.6,11.6,12.184285714285716,-7.090620031796497,3.0222742167127676,-0.19185714285714134,7
ENVI,7.42,7.2,7.82,7.2,7.4628571428571435,3.055555555555552,3.6300276208770543,0.027142857142857635,7
ENX,142.6,136.6,142.6,136.6,140.21666666666664,4.392386530014641,1.1483143342209485,0.5541666666666721,9
EOS,1.145,1.13,1.16,1.13,1.1467777777777775,1.3274336283185952,1.222073718016306,0.0009500000000000759,9
EQS,46.35,45.3,46.35,43.7,45.32833333333334,2.3178807947019964,2.4491055339013865,0.15225000000000358,9
ERA,50.5,47.92,51.5,47.92,49.69555555555556,5.383973288814688,2.0413802984314113,0.4580000000000019,9
ERF,65.16,62.94,65.16,62.86,64.06222222222223,3.527168732125832,1.54799946563276,0.2070000000000022,9
ES,98.0,98.1,100.3,97.26,98.41888888888889,-0.10193679918449983,2.1309559192141143,0.013999999999999756,9
ETL,3.12,2.936,3.12,2.83,2.9703333333333335,6.267029972752049,2.938047696267062,0.03651666666666685,9
EVS,34.68,34.2,34.68,33.35,33.798571428571435,1.4035087719298152,1.648997688379908,0.10678571428571688,7
EXA,108.4,110.0,118.4,100.6,108.06666666666666,-1.4545454545454493,5.409518967476574,1.3300000000000016,9
EXE,39.8,37.8,40.1,37.5,38.86666666666667,5.291005291005291,1.6284534677959752,0.34000000000000186,9
EXENS,39.35,40.76,40.76,36.64,38.66555555555556,-3.4592737978410124,3.8250743662589306,0.12750000000000097,9
EXM,9.81,18.57,18.57,9.81,13.38,-47.172859450726975,22.886322752797316,-2.5720000000000014,5
EXO,85.6,83.4,86.2,83.26,84.47285714285715,2.6378896882493863,1.051617703615616,0.4974999999999988,7
EXPL,193.0,191.0,194.0,190.0,192.17777777777778,1.0471204188481675,0.6427099568935615,0.38000000000000683,9
FAGR,20.8,20.7,21.06,20.7,20.90285714285714,0.48309178743962045,0.8390277157773803,-0.013571428571428209,7
FAST,21.0,20.7,21.1,20.55,20.787142857142857,1.4492753623188441,1.8484435217242463,0.04107142857142935,7
FCMC,1500.0,1570.0,1570.0,1500.0,1530.0,-4.45859872611465,1.4753588964468967,-11.666666666666595,8
FDE,28.8,26.8,29.5,25.7,27.741111111111113,7.462686567164178,4.964159707626778,0.37833333333333563,9
FDJU,27.8,28.16,28.3,27.24,27.831111111111113,-1.2784090909090888,1.3758641979129176,-0.08466666666666456,9
FER,46.82,47.76,47.79,46.04,47.075714285714284,-1.9681742043551043,1.6793539079364328,-0.17464285714285552,7
FERGR,8.76,8.49,8.81,8.4,8.577142857142857,3.1802120141342707,2.1645479868103044,0.044642857142857144,7
FFARM,4.67,4.34,4.67,4.34,4.4635,7.603686635944702,2.3554194357742992,0.04968571428571434,6
FGA,10.05,9.5,10.05,9.16,9.58125,5.789473684210534,2.580774152538257,0.11988095238095293,8
FGR,109.75,111.0,111.0,105.1,108.0911111111111,-1.1261261261261262,2.2784606878531415,-0.33716666666666256,9
FII,43.3,41.16,45.58,40.0,42.6,5.199222546161324,4.459067679156358,0.6040000000000028,9
FINM,0.19,0.19,0.19,0.19,0.18999999999999997,0.0,0.0,-2.8983273186062522e-18,7
FIPP,0.125,0.116,0.125,0.113,0.11466666666666667,7.758620689655167,3.989180473685628,0.0006000000000000059,9
FLOB,656.0,676.0,676.0,655.0,669.0,-2.9585798816568047,2.512572827715983,-3.542857142857163,6
FLOW,25.36,24.92,25.36,24.92,25.094285714285718,1.7656500802568125,0.28787316126924706,0.06571428571428764,7
FLUX,20.4,20.4,20.4,20.0,20.285714285714285,0.0,1.4993009859531752,-0.017857142857142867,7
FLY,73.6,73.0,74.6,72.4,73.6888888888889,0.8219178082191704,1.2073479057543095,0.17666666666667102,9
FMONC,114.0,114.0,116.0,111.6,113.95555555555555,0.0,1.4690499283508176,0.22000000000000736,9
FNAC,29.1,28.6,29.85,28.4,29.040000000000003,1.7482517482517481,1.505310619149215,0.15783333333333435,9
FOAF,13.5,13.5,13.5,13.5,13.5,0.0,0.0,-5.658790103292901e-16,6
FORE,765.0,746.0,766.0,746.0,762.1666666666666,2.546916890080429,1.218364474481743,2.714285714285759,6
FORSE,0.399,0.3906,0.399,0.3775,0.3899,2.150537634408607,1.9769932147611948,0.001360000000000008,9
FOU,1.55,1.74,1.74,1.53,1.5885714285714287,-10.919540229885055,3.380572518522763,-0.026428571428571416,7
FPG,0.11,0.1244,0.1244,0.0952,0.10953333333333333,-11.575562700964626,12.167390076048981,-0.0015533333333333323,9
FR,10.425,10.46,10.616,10.21,10.399944444444444,-0.33460803059273553,1.497919303759358,-0.026249999999999045,9
FREY,29.4,29.2,29.6,29.2,29.399999999999995,0.6849315068493127,0.6765369022864431,0.036666666666669824,9
FRVIA,11.08,11.166,11.43,10.696,11.130333333333333,-0.7701952355364525,2.289827234250723,0.035266666666666106,9
FSDV,16.0,15.9,16.8,15.0,15.922222222222224,0.6289308176100606,6.180300439220056,-0.049999999999998906,9
FUR,11.76,10.6,11.94,10.6,11.28857142857143,10.943396226415096,2.3198859659600117,0.2042857142857144,7
GAM,81.0,1.56,81.0,1.5,50.45,5092.307692307692,1952.8985634891185,14.022380952380948,8
GBLB,75.35,75.6,75.9,75.0,75.57285714285715,-0.3306878306878307,0.7342147029976491,-0.04535714285713652,7
GBT,21.1,19.4,21.1,19.3,20.022222222222226,8.76288659793816,2.928116781421216,0.23066666666666724,9
GDS,10.0,10.0,10.0,9.96,9.985,0.0,0.3272547345470948,0.0023809523809529614,8
GEA,86.5,85.0,86.5,80.5,84.83333333333333,1.7647058823529411,3.2604188396242435,0.25833333333333786,9
GET,16.29,15.7,16.29,15.68,15.933333333333334,3.7579617834394896,1.1579883386145724,0.09016666666666821,9
GFC,83.98,83.66,83.98,82.15,83.54444444444445,0.3825005976571927,1.1287595228020677,0.05816666666666963,9
GIMB,44.06,44.86,46.1,43.95,45.08428571428571,-1.783325902808732,2.201601859117891,-0.172142857142855,7
GJAJ,1.17,1.16,1.19,1.16,1.17875,0.8620689655172422,1.2513981204737898,-0.0010714285714285296,8
GLE,52.0,55.82,55.82,51.96,53.193333333333335,-6.843425295592978,1.0549803282382526,-0.4196666666666639,9
GLO,31.05,30.0,31.05,29.56,30.243333333333332,3.500000000000002,1.7781929611124878,0.18183333333333263,9
GLPG,26.98,27.7,28.46,26.76,27.761428571428574,-2.5992779783393463,4.025918584067481,-0.12285714285714204,7
GNFT,3.528,3.538,3.542,3.368,3.473777777777778,-0.28264556246466327,2.015467227702713,-0.003533333333333327,9
GNRO,0.0314,0.031,0.0322,0.028,0.030377777777777774,1.2903225806451535,6.117524887252243,9.000000000000014e-05,9
GPE,60.0,59.0,61.0,58.2,59.599999999999994,1.694915254237288,1.4617124376850528,0.2366666666666679,9
GREEN,7.24,7.28,7.38,7.24,7.3,-0.5494505494505499,2.31269550146855,-0.02000000000000034,3
GRVO,21.0,20.0,21.0,19.8,20.333333333333332,5.0,2.083906370506172,0.12666666666666737,9
GTT,156.8,153.0,159.25,150.4,155.29444444444442,2.483660130718962,1.767865296489167,0.9450000000000103,9
GUI,5.42,5.4,5.66,5.4,5.48,0.37037037037036247,1.9102382773736988,0.017333333333333586,9
HAL,133.0,144.6,144.6,126.6,138.85714285714286,-8.022130013831255,4.797603393409063,-2.4499999999999984,7
HAVAS,1.5058,1.504,1.54,1.5,1.515114285714286,0.11968085106383138,1.7288464760922935,0.0010642857142858402,7
HCO,4.75,3.58,4.75,3.53,4.1,32.68156424581005,9.828781513597473,0.18649999999999997,9
HDF,4.94,4.6,4.94,4.54,4.772222222222222,7.391304347826104,1.4702547657739948,0.05316666666666683,9
HDP,2.0,2.02,2.22,1.91,2.07,-0.990099009900991,7.190823810432115,0.0006666666666669025,9
HEIA,69.06,67.1,69.72,66.64,67.61428571428571,2.9210134128167033,2.0448133076416997,0.39142857142857623,7
HEIJM,58.76,57.96,59.4,54.55,57.392857142857146,1.3802622498274624,4.319722933883302,0.09892857142857242,7
HEIO,60.8,58.9,61.05,58.9,59.58142857142857,3.2258064516129012,1.5559959555810292,0.32642857142857207,7
HO,227.2,235.1,235.1,222.2,226.59444444444443,-3.360272224585285,1.4021207993891436,-0.49583333333331625,9
HOLCO,105.0,105.0,105.0,103.0,104.0,0.0,1.3599841876322456,0.1714285714285697,6
HOMI,21.06,19.02,21.4,19.02,20.095714285714283,10.725552050473182,2.175154998444579,0.4103571428571427,7
HWK,2.3,150.0,150.0,2.3,59.79200000000001,-98.46666666666665,47.90593750795801,-43.510000000000026,5
HYDRA,169.0,189.0,189.0,169.0,180.71428571428572,-10.582010582010582,2.9790522616242883,-3.9999999999999956,7
HYL,6.5,6.26,6.56,6.26,6.44,3.833865814696489,1.3921248278570808,0.03642857142857195,7
HYSG,3.62,3.8,3.82,3.6,3.7285714285714286,-4.73684210526315,2.2599126056062375,-0.031428571428571334,7
IAM,11.4,11.2,11.4,11.2,11.295555555555557,1.7857142857142954,1.3141971599591193,0.01766666666666746,9
IBAB,12.0,12.0,12.18,11.74,11.967142857142857,0.0,2.4103207275387066,-0.022142857142857148,7
ICAD,20.88,20.48,20.88,19.77,20.52333333333333,1.9531249999999931,2.331504821466364,0.05966666666666754,9
IDIP,79.2,77.8,79.2,77.0,78.22222222222223,1.7994858611825266,0.723040888407571,0.2100000000000015,9
IDL,405.5,393.6,415.5,390.6,401.7555555555556,3.0233739837398312,2.069850579981597,2.6116666666666757,9
IEP,5.4,5.46,5.5,5.3,5.4366666666666665,-1.0989010989010917,2.310003557230267,0.009714285714285386,6
IMCD,96.36,92.28,96.36,91.6,93.64285714285714,4.4213263979193735,1.8371763788012776,0.7064285714285716,7
IMDA,54.0,54.8,55.0,54.0,54.422222222222224,-1.459854014598535,0.5532624928535821,-0.10666666666666312,9
IMMO,25.36,25.6,26.4,25.36,25.83142857142857,-0.9375000000000078,1.8249706841463704,-0.04928571428571422,7
IMMOU,37.4,37.2,37.6,37.2,37.31428571428571,0.5376344086021391,0.5272439477618049,0.04999999999999782,7
INCLU,18.8,18.5,18.9,18.3,18.621428571428574,1.6216216216216255,1.1627105396626911,0.07857142857142901,7
INEA,33.0,32.8,33.0,32.2,32.71111111111111,0.6097560975609843,1.123708255488694,0.0366666666666669,9
INF,40.8,40.8,41.7,40.3,40.98888888888889,0.0,1.4151038723380784,0.11166666666666901,9
INGA,20.336,21.19,21.25,20.336,20.784571428571432,-4.03020292590846,0.9031838739651727,-0.1517142857142853,7
INPHI,29.4,29.4,29.4,29.4,29.4,0.0,0.0,-4.101736503122793e-15,5
INPST,12.79,11.1,12.79,10.66,11.536666666666667,15.225225225225222,10.29114270628774,0.16799999999999962,6
IPH,1.844,1.778,1.856,1.746,1.8124444444444445,3.7120359955005657,1.9507618020462218,0.012766666666666765,9
IPN,116.8,117.8,120.0,116.0,117.80000000000001,-0.8488964346349746,1.1871656034057727,-0.31333333333332575,9
IPS,37.1,35.1,37.1,34.52,35.44555555555556,5.698005698005698,2.443415535596628,0.24033333333333357,9
ITP,31.58,29.58,32.08,29.58,30.93333333333333,6.761325219743069,1.9449839010291616,0.3026666666666682,9
ITXT,2.5,2.5,2.5,2.5,2.5,0.0,0.0,1.4414451908084016e-16,3
IVA,4.63,4.71,4.82,4.464,4.67,-1.6985138004246298,3.53267967224582,0.02464999999999988,9
JBOG,3.96,3.6,3.96,3.6,3.815555555555556,9.999999999999996,1.4786377237529296,0.04766666666666665,9
JCQ,20.15,19.36,20.15,18.52,19.29222222222222,4.08057851239669,2.990570642929219,0.11200000000000115,9
JDEP,31.2,31.34,31.34,31.18,31.24,-0.44671346522016775,0.23719606817661099,-0.009999999999999797,7
JEN,61.2,16.17,62.6,16.17,35.75285714285714,278.4786641929499,115.68075615983898,9.678214285714287,7
KBC,100.9,101.4,101.8,99.3,100.79285714285713,-0.4930966469428008,1.3339734125440834,-0.13035714285714314,7
KBCA,66.15,66.7,66.7,64.3,65.89285714285714,-0.8245877061469222,1.8775774375273009,-0.11964285714285053,7
KENDR,13.0,13.72,14.02,13.0,13.588571428571429,-5.247813411078721,2.659974409999107,-0.14214285714285713,7
KER,229.5,233.5,238.9,229.45,234.05222222222224,-1.7130620985010707,1.5500230691205439,-0.6314999999999895,9
KEYW,0.79,0.81,0.81,0.77,0.7841666666666667,-2.469135802469138,3.1883896428843657,-0.0029999999999999936,6
KIN,34.3,33.14,34.75,32.96,33.49285714285714,3.5003017501508644,2.3652731874718538,0.23142857142857154,7
KOF,29.15,28.66,29.15,26.95,28.332222222222228,1.709699930216324,3.360941426286421,0.09850000000000086,9
KPN,4.091,4.186,4.19,3.995,4.116857142857143,-2.2694696607740026,2.0686303664714965,-0.023642857142857007,7
LACR,8.42,7.62,8.42,7.62,8.035555555555554,10.498687664041991,2.8628831174361413,0.07833333333333364,9
LAT,0.013,0.0115,0.0131,0.0115,0.01241111111111111,13.043478260869563,3.2777410226815267,0.0002400000000000004,9
LBIRD,16.55,18.1,18.1,16.06,16.812222222222225,-8.563535911602212,2.559983054311899,-0.16116666666666596,9
LEBL,0.38,0.3,0.38,0.3,0.3266666666666666,26.66666666666667,15.744296270630215,0.010666666666666675,9
LHYFE,3.18,3.0,3.19,3.0,3.102222222222222,6.000000000000005,1.189641809846208,0.027833333333333553,9
LI,33.54,33.24,33.54,32.7,33.257777777777775,0.9025270758122657,1.2137065178769868,0.020333333333334678,9
LIGHT,22.62,23.06,23.06,22.16,22.756666666666664,-1.9080659150043269,1.6592414038828216,-0.14342857142857302,6
LIN,63.0,400.8,404.0,60.0,212.85555555555553,-84.28143712574851,30.33745079199358,-56.57833333333331,9
LNA,30.4,29.2,30.4,29.0,29.73333333333333,4.109589041095888,1.6966593713786653,0.17500000000000218,9
LOCAL,4.44,3.85,4.555,3.8,4.154555555555556,15.324675324675333,4.527038579920032,0.1087166666666669,9
LOTB,8320.0,8280.0,8550.0,8280.0,8431.666666666666,0.4830917874396135,1.8427921234012368,11.714285714286076,6
LOUP,89.7,87.6,90.7,86.5,88.70555555555556,2.3972602739726128,1.349338506461048,0.46500000000000286,9
LPE,92.0,90.2,92.8,90.2,91.63333333333334,1.9955654101995532,0.6692395064833301,0.3416666666666705,9
LR,129.75,137.5,137.5,128.35,131.88666666666666,-5.636363636363637,1.6293533726017875,-0.7926666666666605,9
LSS,22.85,22.56,23.475,22.55,22.92833333333333,1.2854609929078136,2.1760418616496544,0.0724166666666666,9
LTA,28.9,28.6,28.9,28.6,28.716666666666665,1.048951048951039,0.15461168595154445,0.04249999999999894,9
LVIDE,0.524,0.54,0.54,0.508,0.5245714285714287,-2.9629629629629655,1.9756772696257956,-0.0030000000000000005,7
MAAT,5.04,3.65,5.04,3.65,4.256666666666666,38.08219178082192,3.7693723867071047,0.16349999999999998,9
MALT,895.0,866.0,896.0,866.0,883.625,3.348729792147806,0.9421484447185187,3.9880952380952803,8
MAU,5.055,4.694,5.125,4.69,4.878777777777778,7.690668939071149,2.1245581715780797,0.06356666666666701,9
MBWS,2.91,2.9,2.99,2.9,2.9611111111111112,0.3448275862069045,1.6075129812165432,0.0008333333333335044,9
MC,502.0,489.76,520.8,489.76,503.4644444444445,2.499183273440054,2.135325184801083,2.533000000000029,9
MCC,464.0,462.0,464.0,460.0,462.85714285714283,0.4329004329004329,0.42702859305509755,0.500000000000058,7
MDM,1.988,1.72,1.992,1.716,1.858666666666667,15.58139534883721,3.8802679168173904,0.041300000000000066,9
MEDCL,17.34,18.67,18.67,16.94,17.583333333333332,-7.123727905731128,2.5201336221763846,-0.18416666666666598,9
MELE,68.02,66.96,68.75,65.15,67.10857142857142,1.5830346475507802,2.743021303478241,0.16964285714285898,7
MEMS,3.755,3.75,4.0,3.7,3.8173333333333335,0.1333333333333305,3.754650480300709,0.022650000000000153,9
MERY,10.94,10.94,10.96,10.78,10.88888888888889,0.0,0.6516588640017663,-0.002333333333333268,9
MF,83.1,81.5,83.1,80.6,81.84111111111112,1.9631901840490729,1.1004400065243147,0.20750000000000332,9
MHM,0.39,0.392,0.405,0.373,0.3872222222222222,-0.5102040816326534,5.716251002253519,-0.00014999999999997142,9
MIKO,50.4,50.0,50.4,50.0,50.166666666666664,0.7999999999999973,0.2186533166194481,0.09714285714285464,6
ML,31.15,31.46,31.58,30.65,31.14,-0.9853782581055381,1.0153888961528745,-0.060499999999997445,9
MMB,20.3,20.56,20.76,20.3,20.595555555555556,-1.2645914396887064,0.587042770873468,-0.02999999999999969,9
MMT,12.96,13.18,13.36,12.8,13.106666666666667,-1.6691957511380795,1.766452117118511,-0.014999999999998771,9
MONT,68.4,65.9,68.5,65.9,67.32222222222222,3.793626707132018,1.3976050133164513,0.33166666666666833,9
MOP,240.0,240.0,240.0,240.0,240.0,0.0,0.0,-1.2991756113551317e-14,2
MOPF,7750.0,7750.0,7750.0,7750.0,7750.0,0.0,0.0,-1.2355935722308413e-12,2
MORE,0.73,0.76,0.76,0.73,0.7528571428571428,-3.947368421052635,1.1134708706143068,-0.0042857142857142885,7
MOUR,582.0,572.0,584.0,560.0,573.0,1.7482517482517483,2.0667729090330913,4.057142857142855,6
MRN,24.15,23.3,24.26,23.05,23.708888888888893,3.6480686695278877,2.2674468202612337,0.11699999999999991,9
MT,28.37,29.54,29.54,27.89,28.682222222222222,-3.9607312119160403,1.7323081450621225,-0.1370833333333315,9
MTRK,4.47,4.25,4.5,3.9,4.252857142857143,5.176470588235288,7.5194627613458005,0.030714285714285767,7
MTU,19.22,18.66,19.22,17.88,18.62333333333333,3.0010718113611934,2.7108404591271285,0.09133333333333443,9
NACON,0.788,0.811,0.845,0.78,0.804625,-2.836004932182493,4.066757236403903,-0.004916666666666597,8
NAI,9.4,9.26,9.4,9.2,9.322857142857142,1.5118790496760321,1.6725184308090602,0.022142857142858043,7
NAITR,0.04,0.04,0.04,0.04,0.04,0.0,0.0,-3.3005952050102453e-18,5
NAIW,0.038,0.038,0.038,0.038,0.038,0.0,0.0,-4.5696295689411955e-18,5
NANO,7.74,8.21,8.21,7.2,7.707222222222222,-5.724725943970775,3.6429613678346677,-0.012916666666666606,9
NEDAP,90.6,93.1,93.3,90.6,92.25714285714285,-2.6852846401718584,1.4921480111247107,-0.37857142857142384,7
NEDSE,0.102,0.25,0.29,0.1,0.21400000000000002,-59.20000000000001,31.186069160839686,-0.025857142857142856,7
NEX,129.8,131.1,132.6,125.3,129.31666666666666,-0.9916094584286674,2.233498179411832,0.30416666666667524,9
NEXTA,42.2,41.9,42.3,41.9,42.042857142857144,0.7159904534606307,0.7170978067863477,0.007142857142858221,7
NK,21.94,21.46,22.06,21.06,21.651111111111113,2.2367194780987902,1.9969042754024324,0.0626666666666675,9
NN,58.66,58.52,58.8,57.36,58.21999999999999,0.23923444976075436,1.2379969013043495,0.03142857142856963,7
NOKIA,3.71,3.897,3.91,3.634,3.793875,-4.798562997177312,1.7819795441848845,-0.0415357142857139,8
NR21,40.0,40.0,40.0,40.0,40.0,0.0,0.0,-7.592457534076197e-15,4
NRG,7.24,7.3,7.32,7.16,7.253333333333334,-0.8219178082191728,1.0732377096079557,-0.013333333333332819,9
NRO,41.5,40.96,41.5,39.45,40.42111111111112,1.318359374999998,1.962521525888646,0.11833333333333375,9
NRP,7.2,7.1,7.2,6.34,6.9314285714285715,1.4084507042253596,7.520326739685797,-0.014999999999999713,7
NSE,0.0235,0.028,0.0285,0.0235,0.027071428571428573,-16.071428571428573,9.209200709705035,-0.0002857142857142842,7
NSI,21.52,21.36,21.55,21.2,21.391428571428573,0.7490636704119857,0.6766588610316435,0.04035714285714387,7
NXFIL,3.08,2.77,3.08,2.75,2.8871428571428575,11.191335740072205,2.2656326768397594,0.062142857142857263,7
NXI,9.535,8.94,9.535,8.25,8.853,6.655480984340052,5.378400299439109,0.047933333333333404,9
NYR,0.076,0.077,0.081,0.0736,0.07728571428571429,-1.2987012987012998,5.793945273306884,-0.00047142857142856915,7
NYXH,5.31,4.844,5.39,4.844,5.082857142857143,9.620148637489663,3.481097256046647,0.0806428571428571,7
OBEL,18.6,18.16,18.75,18.16,18.53142857142857,2.422907488986791,1.1068507532473628,0.055357142857143965,7
OCI,4.93,4.844,4.938,4.752,4.842,1.7753922378199714,1.592381079408312,0.016928571428571473,7
ODET,1480.0,1450.0,1480.0,1418.0,1450.0,2.0689655172413794,1.8494101241305638,4.966666666666718,9
ONTEX,6.57,6.38,6.57,6.38,6.5114285714285725,2.9780564263322944,1.3356033032444485,0.013928571428572005,7
ONWD,5.07,5.26,5.47,5.07,5.261111111111111,-3.612167300380219,3.5721365085298413,-0.027499999999999577,9
OPM,13.38,13.24,13.77,12.96,13.362222222222222,1.057401812688826,2.2019048399411845,0.07583333333333345,9
OPTI,0.006,0.006,0.0066,0.006,0.006342857142857143,0.0,6.041636981023295,-4.285714285714236e-05,7
OR,401.25,388.16,402.66,388.16,399.09333333333336,3.372320692497932,1.0364760554670787,0.9675000000000115,9
ORA,13.86,13.72,13.955,13.525,13.71272222222222,1.0204081632652973,1.1118636152666361,0.03182500000000084,9
OREGE,0.323,0.343,0.343,0.322,0.33411111111111114,-5.8309037900874685,2.0063336606480022,-0.0021999999999999915,9
ORIA,172.0,170.0,172.0,170.0,171.33333333333334,1.1764705882352942,0.27150538702031274,0.28333333333333693,9
OSE,6.11,6.126,6.23,5.88,6.083333333333333,-0.26118184786157383,2.138288672130754,0.01723333333333332,9
OVH,10.39,11.11,11.11,9.975,10.398333333333333,-6.480648064806472,3.389989494742411,-0.058833333333332585,9
OXUR,0.023,0.0246,0.0246,0.023,0.023514285714285713,-6.50406504065041,2.645263916849192,-0.00017857142857142713,7
PAR,37.7,37.3,37.7,36.3,36.98888888888889,1.0723860589812486,1.643928351382925,0.02166666666666778,9
PARP,19.0,19.76,19.76,18.86,19.19888888888889,-3.846153846153854,1.946313013311545,-0.019999999999999452,9
PARRO,8.44,8.22,8.44,7.02,7.855,2.6763990267639763,7.255796088015788,0.1252380952380959,8
PAT,24.5,7.2,24.5,7.2,16.744999999999997,240.27777777777777,80.0406636644704,2.8617499999999985,9
PAY,6.7,6.8,6.8,6.7,6.771428571428572,-1.4705882352941124,0.6003651330350905,-0.017857142857142343,7
PBH,2.82,2.74,2.82,2.74,2.7899999999999996,2.9197080291970665,1.1913176283171014,0.009714285714285495,6
PERR,83.8,81.0,83.8,80.4,82.11111111111111,3.4567901234567864,1.3408306846674771,0.4666666666666693,9
PEUG,78.2,77.2,78.2,75.4,76.94999999999999,1.2953367875647668,1.6868723048240373,0.13000000000000328,9
PHARM,1.2505,1.273,1.285,1.215,1.2497857142857143,-1.7674783974862502,3.101799439670695,-0.00066071428571426,7
PHIA,23.6,24.17,24.17,23.23,23.728571428571428,-2.358295407529997,1.4061085341031385,-0.10535714285714363,7
PHXM,0.1005,0.1006,0.1006,0.1005,0.10055714285714287,-0.0994035785288161,0.040581341000377726,-2.142857142856468e-05,7
PIG,2.59,2.35,2.61,2.35,2.5175,10.212765957446798,4.408363859829811,0.022380952380952612,8
PLNW,18.18,18.2,18.58,17.6,18.135555555555555,-0.10989010989010754,2.4038162479760246,0.047666666666666344,9
PLX,17.6,15.65,17.6,15.5,16.653333333333332,12.460063897763584,3.1712996705010874,0.30033333333333506,9
PNL,0.9644,0.9736,0.9986,0.948,0.9729000000000001,-0.9449465899753478,2.591215342102908,-0.0030499999999999616,7
PORF,12.0,11.5,12.0,11.5,11.833333333333334,4.3478260869565215,1.9444069369563375,0.11428571428571493,6
POXEL,0.3125,0.324,0.331,0.281,0.3139375,-3.549382716049386,7.210983129646705,-0.0004464285714285559,8
PPLAA,0.3,0.3,0.3,0.3,0.3,0.0,0.0,-1.2093558611877016e-17,5
PPLAB,0.3,0.3,0.3,0.3,0.3,0.0,0.0,-1.2093558611877016e-17,5
PRC,4.14,4.12,4.28,4.02,4.15,0.4854368932038731,2.911894563169269,0.008666666666666878,9
PREVA,4.75,4.86,4.86,4.75,4.83,-2.263374485596714,0.8271435368832328,-0.018928571428571583,7
PROAC,0.056,0.058,0.0605,0.0525,0.05705555555555556,-3.4482758620689684,5.180979602574598,0.000541666666666669,9
PROX,7.416,7.27,7.43,7.23,7.329714285714287,2.0082530949106023,1.758895043716251,0.01907142857142908,7
PRX,52.99,53.46,53.5,52.0,52.832857142857144,-0.8791619902730993,0.9473993732323875,-0.16642857142857087,7
PSAT,4.72,4.55,4.8,4.55,4.657777777777778,3.736263736263735,1.9122211380632115,0.029500000000000092,9
PUB,79.0,82.26,84.5,78.7,80.98888888888888,-3.9630440068076886,1.6106575176653917,-0.6896666666666584,9
PVL,1.275,1.42,1.486,1.275,1.3884444444444446,-10.211267605633804,8.292548272059094,-0.00496666666666654,9
QDT,16.04,15.9,16.08,15.9,16.002222222222223,0.8805031446540804,0.5909417043388243,0.015333333333333542,9
QEV,6.9,6.9,6.9,6.9,6.8999999999999995,0.0,0.0,-4.216311195151852e-16,6
QEVT,0.01,0.01,0.01,0.01,0.01,0.0,0.0,-8.251488012525613e-19,5
QFG,4.21,4.21,4.23,4.2,4.2115,0.0,0.46836212014319,0.0010892857142858487,7
QRF,10.56,10.56,10.65,10.46,10.547142857142857,0.0,0.7598192156539294,0.01714285714285701,7
RAND,40.395,36.85,40.395,36.85,38.705,9.620081411126192,1.1223476111744888,0.562678571428574,7
RBO,33.2,32.2,33.2,31.8,32.53333333333333,3.105590062111801,1.6852601803865364,0.16333333333333352,9
RBT,822.0,825.0,831.5,802.0,821.0,-0.36363636363636365,1.220677613829862,1.02500000000004,9
RCO,54.1,47.42,54.65,47.42,52.27444444444445,14.086883171657528,2.785032541331467,0.7186666666666668,9
RECT,9.45,8.86,10.36,8.86,9.235714285714286,6.659142212189615,7.440048243565444,0.16821428571428584,7
REINA,26.2,26.8,27.2,26.0,26.366666666666664,-2.238805970149259,3.516319824361796,-0.051428571428572954,6
REN,39.69,38.64,40.52,38.64,39.809999999999995,2.7173913043478186,2.549063551328444,0.10321428571428566,7
RET,69.6,67.9,69.6,65.7,67.82857142857142,2.503681885125167,2.89130979511942,-0.007142857142855027,7
RF,55.1,53.9,56.3,53.7,54.857777777777784,2.226345083487946,1.4773685360179252,0.28600000000000125,9
RI,99.04,92.0,100.4,92.0,96.9588888888889,7.652173913043485,1.9009338000431844,0.8491666666666666,9
RMS,2119.0,2093.0,2125.0,2039.0,2086.8888888888887,1.2422360248447204,1.7502367386042141,6.183333333333447,9
RNO,32.69,34.09,34.15,32.56,33.397777777777776,-4.106776180698168,2.2362661380222653,-0.0859999999999974,9
ROU,13.5,13.66,13.7,13.2,13.51142857142857,-1.1713030746705722,2.0625934564639645,-0.01928571428571373,7
RUI,28.18,28.16,29.14,28.02,28.344444444444445,0.07102272727272575,2.0118511357988864,-0.05399999999999809,9
RXL,27.08,27.54,28.23,27.08,27.667777777777776,-1.6702977487291242,1.4240212767449456,-0.0565000000000003,9
S30,1.794,1.645,1.794,1.383,1.608111111111111,9.05775075987842,10.589476602384593,0.029416666666666733,9
SABE,19.4,19.3,19.4,18.4,19.244444444444447,0.5181347150258957,2.7047048202641752,0.016666666666667315,9
SACI,26.6,26.6,26.6,26.6,26.6,0.0,0.0,1.7250302671882054e-15,9
SAF,287.2,280.9,287.8,278.2,283.2888888888889,2.2427910288358888,0.9424117121551993,1.2100000000000215,9
SAMS,144.0,136.6,144.6,134.6,139.5111111111111,5.417276720351396,1.965169871708158,1.433333333333335,9
SAN,86.54,8.455,86.54,8.081,51.156444444444446,923.5363690124188,341.63272949880314,12.853983333333327,9
SAVE,62.0,61.8,62.6,61.0,61.6888888888889,0.32362459546926026,1.1232034795753407,0.1333333333333351,9
SBMO,23.28,21.96,23.28,21.76,22.357142857142858,6.010928961748635,1.6322276791479753,0.2528571428571429,7
SBT,9.5,9.5,9.52,9.36,9.479999999999999,0.0,0.7717725199927247,0.006000000000000504,9
SCHP,92.1,92.1,94.0,90.0,91.8,0.0,1.3535605887554676,0.15666666666667362,9
SCR,27.94,27.54,28.04,27.22,27.706666666666667,1.4524328249818523,1.2206888921910712,0.06133333333333518,9
SDG,33.2,32.6,33.6,32.6,33.1,1.8404907975460165,0.8482336964249301,0.07333333333333325,9
SEC,2.52,2.28,2.52,2.14,2.32,10.526315789473696,6.281648292127512,0.03200000000000012,9
SEFER,6.22,6.6,6.6,6.12,6.342222222222222,-5.757575757575757,2.3318985798564715,-0.026666666666666294,9
SELER,82.0,82.6,82.6,82.0,82.32222222222222,-0.7263922518159738,0.21242721752538482,-0.0999999999999973,9
SEQUA,0.992,1.058,1.058,0.954,1.0214285714285714,-6.238185255198493,4.933922366888751,-0.012857142857142822,7
SESG,5.95,5.866,5.965,5.655,5.855888888888889,1.43198090692125,2.5703752646469953,0.014683333333333565,9
SFCA,1.96,1.97,1.97,1.82,1.8944444444444446,-0.5076142131979701,5.118719731263554,-0.005333333333333165,9
SFPI,2.3,2.34,2.41,2.28,2.3277777777777775,-1.7094017094017109,2.675226744043246,0.002500000000000064,9
SGO,93.44,92.02,93.6,90.36,92.38000000000001,1.5431427950445573,1.7071441908426297,0.12066666666666628,9
SGRO,7.15,6.95,7.3,6.95,7.192,2.8776978417266212,3.0529022363492877,0.03999999999999942,5
SHELL,31.645,30.87,31.665,30.616,31.071571428571428,2.5105280207320977,1.057923969715709,0.1533571428571424,7
SHUR,33.76,32.4,33.85,32.35,32.91428571428571,4.19753086419753,2.0634349943269483,0.2117857142857165,7
SIFG,7.84,7.55,8.89,7.55,7.837142857142857,3.841059602649007,8.266161870157527,0.13357142857142842,7
SIGHT,0.164,0.1536,0.164,0.15,0.15746666666666664,6.770833333333346,2.0060928287843,0.0018600000000000068,9
SIP,75.2,74.4,75.8,73.2,74.60000000000001,1.0752688172042972,2.4242799353824016,0.17857142857143382,7
SK,63.65,60.36,64.1,59.8,61.8811111111111,5.450629555997348,3.0343280210550523,0.4053333333333347,9
SLCO,0.29,0.29,0.29,0.29,0.29,0.0,0.0,7.716416033898795e-18,6
SLIGR,10.89,10.96,11.08,10.82,10.932857142857143,-0.6386861313868638,1.0528479057790145,-0.023928571428571226,7
SMCP,6.46,6.15,6.56,6.01,6.238888888888889,5.040650406504058,3.4149599596270392,0.06200000000000039,9
SOF,259.0,254.8,261.4,243.3,253.95714285714288,1.6483516483516438,2.826952048657046,1.5107142857142877,7
SOI,36.46,31.19,36.81,31.19,34.04333333333333,16.896441167040717,4.169071561577288,0.7211666666666676,9
SOLB,28.04,27.18,28.16,27.18,27.686666666666664,3.16409124356144,1.3558837952965932,0.10166666666666845,9
SOLV,95.0,93.0,95.0,92.2,93.77142857142857,2.1505376344086025,1.724573426257131,0.3500000000000005,7
SOP,160.8,155.8,161.1,154.0,157.25,3.209242618741977,2.0008650794473373,0.7571428571428666,8
SPA,212.0,224.0,224.0,212.0,217.0,-5.357142857142857,0.7607570256428363,-2.4571428571428577,6
SPEL,9.85,9.86,9.86,9.85,9.855714285714285,-0.10141987829614389,0.041404491933451554,-0.0021428571428572987,7
SPIE,47.62,48.72,48.72,46.56,47.64111111111111,-2.257799671592778,1.435921160200815,-0.0986666666666644,9
SRP,0.514,0.484,0.514,0.47,0.4897777777777778,6.198347107438022,4.02777003915948,0.0009333333333333532,9
STF,137.6,120.4,139.2,119.6,129.15555555555554,14.285714285714276,3.7039601254530075,2.8633333333333346,9
STLAP,8.173,7.463,8.225,7.463,7.889944444444445,9.51360042878199,1.98893035473511,0.10072499999999983,9
STMPA,23.25,22.196,23.785,21.795,22.816222222222223,4.748603351955301,3.922196521890314,0.16168333333333335,9
SU,211.45,228.96,228.96,209.85,217.82555555555555,-7.647624039133481,1.6162871081132801,-2.3956666666666635,9
SW,50.8,52.06,52.36,50.8,51.79777777777778,-2.4202842873607473,0.6132562206658303,-0.1711666666666618,9
SWP,35.0,34.6,35.56,33.86,34.82444444444444,1.1560693641618456,1.8582378051038289,0.11533333333333609,9
SYENS,75.52,72.32,75.9,72.32,74.65999999999998,4.424778761061951,1.3918790440446163,0.5114285714285752,7
TAYN,3.0,2.48,3.0,2.3,2.5288888888888885,20.967741935483872,8.201459771431141,0.04233333333333329,9
TE,39.74,40.42,40.42,38.9,39.592222222222226,-1.6823354774863921,1.4501229033021255,-0.002333333333330532,9
TEP,68.88,63.12,68.88,63.12,65.74888888888889,9.1254752851711,2.608108216448498,0.5243333333333332,9
TERBS,0.001,0.001,0.003,0.001,0.0012857142857142859,0.0,91.08400680852976,0.00014285714285714292,7
TESB,26.2,25.76,26.2,25.76,25.93285714285714,1.7080745341614818,0.7084865703503973,0.040714285714284135,7
TEXF,34.2,34.8,35.0,34.2,34.542857142857144,-1.7241379310344664,1.0814883015180259,-0.11428571428571233,7
TFF,16.7,16.16,17.4,16.16,16.96,3.341584158415836,3.3672441586810353,0.01666666666666774,8
TFG,17.9,18.56,18.56,17.7,17.990000000000002,-3.5560344827586214,3.000492910475683,-0.18800000000000383,4
TFI,8.33,8.92,8.92,8.33,8.562888888888889,-6.614349775784752,1.3789852393874409,-0.06539999999999999,9
THEON,25.0,25.7,25.7,22.86,24.358571428571427,-2.7237354085603087,4.459274150862957,-0.01964285714285588,7
THEP,76.9,72.1,77.1,71.6,75.0111111111111,6.657420249653276,1.0996874806943377,0.7583333333333363,9
TINC,10.12,10.26,10.26,10.02,10.085714285714285,-1.3645224171540018,1.0326465493618437,-0.009285714285713804,7
TITAN,0.94,0.876,0.94,0.876,0.9010000000000001,7.305936073059355,2.202149610798659,0.008857142857142869,6
TITC,37.5,36.1,37.75,36.06,36.785555555555554,3.8781163434903,1.3867554037709648,0.2031666666666672,9
TKO,19.56,18.96,19.56,18.96,19.28,3.164556962025305,0.6779111547854504,0.08700000000000058,9
TKTT,16.35,16.36,16.36,16.3,16.324444444444442,-0.061124694376515964,0.2437145359615628,-0.002833333333331727,9
TKWY,20.18,20.23,20.24,20.18,20.21142857142857,-0.24715768660405688,0.07276410258053213,-0.011071428571428623,7
TNG,0.972,1.126,1.17,0.972,1.0932222222222223,-13.676731793960917,7.786594185069931,-0.006066666666666655,9
TOM2,5.27,5.366,5.6,5.06,5.378714285714286,-1.7890421170331734,5.146881019189373,-0.03635714285714234,7
TRACT,0.95,0.968,0.97,0.936,0.957111111111111,-1.8595041322314068,1.2272389100576613,-0.003133333333333276,9
TRI,151.5,146.8,152.1,144.3,148.2888888888889,3.201634877384188,1.6843741274388568,0.8533333333333409,9
TRIO,33.05,31.4,33.05,31.4,32.02657142857142,5.254777070063691,1.168280345301589,0.30421428571428777,7
TTE,53.21,52.76,53.62,52.02,52.86888888888889,0.852918877937837,0.9116539986869702,0.127500000000001,9
TUB,160.2,169.0,169.6,160.2,165.22857142857146,-5.207100591715983,1.1245309514378912,-1.7428571428571271,7
TVRB,57.5,55.0,57.5,54.0,55.125,4.545454545454546,4.485560469732004,0.19047619047619274,8
TWEKA,34.6,34.02,35.28,33.8,34.32285714285714,1.7048794826572553,2.2884854378093937,0.11071428571428556,7
UBI,9.088,8.562,9.53,8.562,8.989222222222221,6.143424433543563,3.6007031939333896,0.11231666666666701,9
UCB,199.06,208.4,210.55,199.06,205.02285714285716,-4.481765834932823,1.1863111024501631,-1.8846428571428586,7
UMG,24.35,24.94,25.08,23.78,24.52142857142857,-2.365677626303127,2.2093172019610776,-0.12142857142856961,7
UMI,13.33,13.35,13.56,13.27,13.402857142857144,-0.14981273408239382,1.3652411555896435,-0.004285714285713939,7
UNA,53.77,53.5,55.0,53.34,54.047142857142866,0.5046728971962675,1.5932384637036616,0.03821428571429008,7
URW,88.3,87.42,88.84,86.78,87.86888888888888,1.0066346373827446,0.7963899349298709,0.18333333333333712,9
VAC,1.612,1.604,1.614,1.57,1.596,0.49875311720698295,1.6229418726945706,-0.0018999999999999668,9
VACBS,0.044,0.042,0.054,0.042,0.04444444444444444,4.761904761904749,13.658865673763911,-0.00028333333333333287,9
VALUE,6.4,6.76,7.05,6.3,6.672857142857142,-5.32544378698224,5.791055472825726,-0.06535714285714232,7
VAN,30.4,30.9,31.1,30.4,30.78,-1.6181229773462786,1.5564677128463031,-0.07142857142857002,7
VANTI,0.134,0.133,0.1342,0.1324,0.13355,0.7518796992481209,0.47460652185796764,0.00020476190476191253,8
VASTB,28.5,28.8,28.9,28.5,28.71428571428571,-1.041666666666669,0.7532375569992652,-0.05357142857142812,7
VCT,60.2,60.4,60.4,58.5,59.875,-0.33112582781456246,1.5772559291127823,-0.03809523809523547,8
VETO,75.4,72.4,75.4,72.4,74.1,4.143646408839778,2.3856201562522537,0.38333333333333297,9
VGP,97.8,92.8,97.8,92.7,94.47142857142856,5.387931034482759,2.0126843058588664,0.7535714285714247,7
VIE,28.34,29.0,29.0,28.01,28.45444444444444,-2.275862068965518,1.085189980505948,-0.08666666666666699,9
VIL,16.55,16.16,17.26,16.0,16.63111111111111,2.413366336633667,2.29816604152786,0.13083333333333427,9
VIO,6.46,6.59,6.59,6.28,6.418571428571428,-1.972685887708648,2.3936470487242527,0.003214285714286326,7
VIRI,54.65,59.86,60.5,54.55,56.97555555555555,-8.703641830938858,4.464723450403932,-0.5388333333333329,9
VIRP,338.5,325.0,338.5,324.0,330.06666666666666,4.153846153846154,1.2678047451076035,2.003333333333362,9
VIV,3.138,3.102,3.138,2.966,3.0732222222222223,1.160541586073502,2.2176107229697286,-0.0007499999999999255,9
VK,15.375,15.12,15.4125,14.835,15.147055555555555,1.6865079365079416,1.481367491776277,0.06217500000000026,9
VLA,3.774,3.808,3.872,3.58,3.7780000000000005,-0.8928571428571378,3.0875060004534305,0.011166666666666731,9
VLK,52.3,49.46,53.5,49.46,50.71571428571429,5.742013748483616,3.5085970489885323,0.53464285714286,7
VLTSA,6.83,6.146,7.0,6.0,6.4927222222222225,11.129189716889035,4.265060487579617,0.1207583333333337,9
VMX,0.202,0.194,0.205,0.192,0.1992888888888889,4.123711340206189,3.408542707923413,0.0007866666666666706,9
VPK,41.38,40.42,41.4,40.42,41.15142857142856,2.3750618505690273,1.0592862530848932,0.07500000000000227,7
VRAP,13.15,13.26,13.26,12.75,12.964444444444446,-0.8295625942684723,1.497655129079487,0.013666666666667512,9
VRLA,25.5,23.8,25.5,23.66,24.348888888888887,7.14285714285714,1.9765604612728218,0.20533333333333534,9
VTA,6.84,6.92,6.96,6.84,6.917142857142857,-1.1560693641618507,0.5682349885547641,-0.012142857142857129,7
VTR,5.9,5.76,6.0,5.76,5.913333333333333,2.4305555555555656,1.7008281416149484,0.0006666666666669231,9
VU,215.8,207.8,215.8,198.4,208.24444444444444,3.849855630413859,3.271918259141885,1.5800000000000003,9
VVY,1.694,1.652,1.706,1.61,1.6617142857142855,2.5423728813559343,3.9213887434331753,0.0024285714285714266,7
WAGA,21.45,21.5,21.56,21.44,21.482222222222223,-0.23255813953488702,0.17198218534787754,-0.012166666666666442,9
WAVE,49.55,47.56,49.55,46.86,48.214444444444446,4.184188393608063,1.6356402907800904,0.3143333333333366,9
WDP,21.96,21.28,22.06,21.28,21.672857142857143,3.1954887218045096,2.2958567622015607,0.06499999999999964,7
WEB,39.6,39.0,39.6,38.0,38.91428571428572,1.538461538461542,1.963361219290126,0.07142857142857188,7
WEHB,55.0,54.0,55.0,54.0,54.371428571428574,1.8518518518518516,0.5898598042543918,0.11428571428571542,7
WHA,18.58,18.8,18.8,18.44,18.628571428571426,-1.1702127659574595,0.5300774390898735,-0.05142857142857104,7
WHATS,116.0,114.6,117.5,113.0,114.94285714285715,1.2216404886562005,1.2588621336157855,0.48928571428571427,7
WKL,108.15,105.5,110.06,104.4,107.82428571428571,2.5118483412322328,3.1558303599526947,0.09178571428571453,7
WLN,2.869,2.587,2.889,2.577,2.7374444444444443,10.900657131812912,3.5082209190841542,0.04185000000000014,9
XFAB,7.03,6.334,7.125,6.334,6.741555555555556,10.98831701926114,4.6414235096112835,0.0818166666666666,9
XIL,3.68,3.49,4.11,3.4,3.698888888888889,5.444126074498565,5.806734469226676,0.0616666666666669,9
XIOR,30.36,28.86,30.45,28.86,29.759999999999998,5.197505197505198,1.6358367014929136,0.21321428571428566,7
ZEN,206.0,206.0,206.0,206.0,206.0,0.0,0.0,-1.5656291372651693e-14,2
